{
    "eqTS_42_G10": 5.068341288883942e-06,
    "eqTS_47_G10": 5.983408833768893e-06,
    "eqTS_48_G10": 5.655823059143863e-06,
    "eqTS_49_G10": 5.4467369542486955e-06,
    "eqTS_50_G10": 5.122231520257659e-06,
    "T15_34_G10": 5.150920875495759e-06,
    "T15_35_G10": 7.470858966169658e-06
}