{
  "poly_ind_0": [
	1.0,
	0.9747286532338565,
	0.8550116011693197,
	0.734434501034011,
	0.6098200773290247
  ],
  "poly_ind_1": [
	1.0,
	0.9401833451176653,
	0.9589008744527121,
	1.1325822527413827,
	0.5832924748065574
  ],
  "poly_ind_2": [
	1.0,
	1.0469830456057883,
	0.9845830942892223,
	0.8297265230620523,
	0.553393086231106
  ],
  "T15_34_G10": [
	1.0,
	0.8777,
	0.9343,
	0.9823,
	1.1421
  ],
  "T15_35_G10": [
	1,
	0.9323,
	1.0077,
	0.9770,
	0.9844
  ],
  "eqTS_47": [
	1.0,
	0.9572844075824951,
	0.9374796843563481,
	0.7802238529089317,
	0.5501639838407754
  ],
  "eqTS_48": [
	1.0,
	0.9517847556271595,
	0.961687477757966,
	0.7857430499842494,
	0.5246096424683452
  ],
  "eqTS_49": [
	1.0,
	1.0323757088776264,
	0.9804675383286328,
	0.8190760614958867,
	0.5285220608219793
  ],
  "eqTS_50": [
	1.0,
	0.9921616348328453,
	0.9390071145731205,
	0.7715770009742061,
	0.5285220608219793
  ],
  "poly_ind_9": [
	1.0,
	0.9897031563230992,
	0.9598038467446594,
	0.8047787504788222,
	0.5523509397340275
  ],
  "eqTS_42": [
	1.0,
	0.9979080260543602,
	0.9360150763718273,
	0.830569684467425,
	0.5622199261403574
  ]
}